wannercashcow	2025-08-25	1959896039818957301	How to get INSANELY High RPMs on YouTube 🧵💸 (Like $15-$50 per 1,000 views type h
wannercashcow	2025-08-22	1893964126764089519	25 faceless YouTube channels that are BLOWING UP right now.. (bookmark for later
wannercashcow	2025-08-11	1954890653965635847	I grew my faceless YouTube channels to $1,200,000+/year in 2025. If I had to sta
wannercashcow	2025-08-06	1953010675447677289	This faceless channel is making $93,723 per month And it started just 2 months a
wannercashcow	2025-07-09	1942909118790139925	If you're running a YouTube channel, understanding user profiling is your unfair
wannercashcow	2025-07-02	1940327089741472180	People are building AI YouTube channels that earn $10K/month… …with videos that 
wannercashcow	2025-06-30	1939647625671930337	What is YouTube Automation? 🧵 Here's a full breakdown of how it ACTUALLY works a
wannercashcow	2025-06-04	1930202914225828367	Faceless Religion Niche Leak (bookmark this) This channel called '1 Bible Verse'
wannercashcow	2025-05-22	1925514496589930765	🚨 Harsh truths about YouTube Automation NOBODY tells you: If you're building a f
wannercashcow	2025-03-04	1896923695937171584	I started making YouTube videos at 6 years old. 19 years later, I've built a €5,
wannercashcow	2025-02-07	1887863970372993267	We’re slowly seeing a shift towards branded, high-quality YouTube channels. And 
wannercashcow	2025-02-05	1887139189356966388	The best YouTubers use psychological triggers to increase their watch time.. 🧵 H
wannercashcow	2025-02-04	1886862686144880720	I analyzed 100+ YouTube channels and discovered something shocking: 2 faceless c
wannercashcow	2025-01-10	1877782331357819001	This AI channel is making $10K+ per month &amp; how you can do this too… 🧵 A ful
wannercashcow	2024-05-01	1785618321167057139	How To Get Extremely HIGH RPM's. 🧑‍🍳🧑‍🍳 A thread by your's truly. https://t.co/j
PhedEU	2025-08-13	1955678818511036520	how to actually get rich (with YouTube): a thread🧵 https://t.co/jrYD1WcQAc
PhedEU	2025-07-28	1949907229291008248	fine, i'll build it myself.. 4 Courses - 50 Resources - AI Assistant 🧵 https://t
PhedEU	2025-07-22	1947721162659926137	how to master YouTube in 30 days (the exact roadmap): 🧵
PhedEU	2025-06-16	1934658158049300881	10 niches that can make you $10,000/month using AI A thread 🧵👇 https://t.co/Jdhv
PhedEU	2025-05-30	1928491833450971329	Everyone copies viral ideas The smartest creators copy formats - from outside th
PhedEU	2025-05-20	1924909558033465565	Google just casually changed the YouTube game Here are some text to video (with 
PhedEU	2025-04-03	1907784818214969517	I used an AI agent to reverse-engineer how the YouTube algorithm actually works.
PhedEU	2024-01-28	1751707558971146461	AI Tools you can use to make $10,000 a month on YouTube 🧵Thread time https://t.c
PhedEU	2024-01-23	1749906359133348232	What is a Faceless YouTube Channel? Thread time🧵 https://t.co/h2vcS0YEka
PhedEU	2023-12-22	1738177861419241617	Anyone can make $10,000/month on YouTube Stop chasing views, start building your
PhedEU	2023-12-17	1736485489320841656	I recently started posting 1 hour + videos frequently The results have been asto
PhedEU	2023-12-11	1734318111237587411	What is YouTube Automation? A thread🧵 https://t.co/eFZv2Uh3if
PhedEU	2023-12-03	1731433034417639584	How to make viral YouTube Shorts with AI A thread🧵 https://t.co/6k59eWWBcx
PhedEU	2023-12-01	1730707682317697339	How to make $10,000/month on YouTube using AI A thread🧵 https://t.co/7xhyQ79uO3
PhedEU	2023-11-30	1730358772625723867	The niche is Gaming mini documentaries Thread on how?🧵
PhedEU	2023-11-25	1728509060603953170	This channel went from $0 to $600/day in 116 days But, how?🧵 https://t.co/HnPrAs
PhedEU	2023-06-30	1674834534703955970	Treating YouTube as digital Real Estate 🧵 https://t.co/yCCRb8hlE5
noahmorris	2024-10-09	1843860823711891758	I found a YouTube faceless niche in under 10 minutes. Here’s how I did it 👇 http
noahmorris	2024-07-25	1816335119021662653	Started a game theory channel together with an Accelarator client 4 months back.
noahmorris	2024-03-05	1764923397102784652	F*ck it 😈 Here's how you: Spot outlier patterns on YouTube Extrapolate topics th
noahmorris	2024-02-20	1759861725547901236	F*ck it Here are 4 YouTube niches that can make $10,000 a month. https://t.co/bz
noahmorris	2024-01-31	1752727792381485249	Is YouTube going to BAN YouTube automation channels. 🧵Thread https://t.co/GStmdC
noahmorris	2024-01-16	1747202036008112334	Faceless channel 2023 breakdown $150k Revenue in the last 365 days The cost is $
noahmorris	2023-12-15	1735620671659749748	🧵 Here are my favorite thumbnail trends of Q4 2023 1. The analytics thumbnail Of
noahmorris	2023-12-07	1732675831837659377	How to make $1000 A day on YouTube using AI 🧵A thread https://t.co/8E5xR72hsD
noahmorris	2023-12-05	1731946763874083256	🧵I'm most likely going to sell a large amount of my YouTube channels. Here's why
noahmorris	2023-11-29	1729806879017283652	🧵I can't keep up with the new YouTube AI Tools anymore.. But if I don't I'll fal
noahmorris	2023-11-23	1727748693095550994	🧵Getting 250 Million Views on YouTube is EASY If you look at YouTube as a trader
noahmorris	2023-11-03	1720375213706391911	My team has made roughly 10,000 YouTube videos in the last 6 years. Over half of
noahmorris	2023-09-19	1704120453600817279	🧵- This common YouTube mistake cost me $63,000+ How to not lose your YouTube cha
noahmorris	2023-09-05	1699075229589581901	I've spent $500,000+ on hiring freelancers for my faceless YouTube channels. Her
noahmorris	2023-02-16	1626170257009422338	I run 20+ youtube channels while working 3-4 hours a day on them. Here's my work
noahmorris	2023-02-15	1625790685277458432	5 AI tools I ACTUALLY use to help grow my YouTube channels from 0 to millions of